equipment_id,model,category,error_code,description,severity,typical_cause,recommended_action
SVR-R740-01,Rack Server R740,bios_firmware,F-1010,Firmware self-check reported a version mismatch against the signed manifest.,High,System BIOS/firmware is out of date or was interrupted during a prior update.,Update firmware to the latest qualified version and re-run the boot diagnostic.
SVR-R740-01,Rack Server R740,bios_firmware,F-1022,Configuration checksum failure detected in NVRAM.,Medium,"NVRAM settings were corrupted, often after an unclean shutdown or battery depletion.","Reset BIOS/UEFI to defaults, reconfigure boot order, and re-run diagnostics."
SVR-R740-01,Rack Server R740,bios_firmware,F-1035,Secure boot policy violation on startup.,High,An unsigned or altered boot loader component was detected.,Reinstall trusted boot components from a known-good image and re-enable secure boot.
SVR-R740-01,Rack Server R740,cooling,C-2001,Fan module reporting RPM below minimum threshold.,Medium,Fan bearing wear or dust/debris obstruction reducing airflow.,Inspect and clean intake vents; replace fan module if RPM remains below threshold.
SVR-R740-01,Rack Server R740,cooling,C-2028,Redundant fan pair mismatch — one fan idle while its pair is active.,Low,One fan in a redundant pair has failed or is not receiving control signal.,Reseat fan connector; replace the idle fan unit if it remains unresponsive.
SVR-R740-01,Rack Server R740,storage_backplane,S-3019,Predictive failure signal received from drive self-monitoring.,Critical,Drive is reporting early indicators of mechanical or media failure.,Back up data immediately and schedule drive replacement before failure occurs.
SVR-R740-01,Rack Server R740,storage_backplane,S-3033,RAID controller battery/cache module reporting degraded charge.,Medium,Cache backup battery is nearing end of life.,Replace the cache backup battery/module at the next maintenance window.
SVR-R740-01,Rack Server R740,expansion_bus,P-4002,PCIe link negotiated at a lower width/speed than expected.,Medium,Poor seating of the adapter card or a marginal slot connection.,Reseat the adapter card fully and verify slot compatibility; retest link training.
SVR-R740-01,Rack Server R740,expansion_bus,P-4017,PCIe device present but not responding to bus queries.,High,"Card failure, firmware hang on the device, or power delivery fault to the slot.",Reseat the card; test in an alternate slot; replace card if issue persists.
SVR-R740-01,Rack Server R740,power,W-4501,Redundant power supply reporting a single-unit failure.,High,PSU has failed internally or lost input power from its feed.,Verify input power to the failed unit; replace the PSU if it does not recover.
SVR-R740-01,Rack Server R740,power,W-4509,Power supply input voltage out of qualified range.,Medium,Unstable upstream power source or a loose input connector.,Verify PDU/outlet voltage and reseat the power input connector.
SVR-R740-02,Rack Server R740,bios_firmware,F-1010,Firmware self-check reported a version mismatch against the signed manifest.,High,System BIOS/firmware is out of date or was interrupted during a prior update.,Update firmware to the latest qualified version and re-run the boot diagnostic.
SVR-R740-02,Rack Server R740,bios_firmware,F-1022,Configuration checksum failure detected in NVRAM.,Medium,"NVRAM settings were corrupted, often after an unclean shutdown or battery depletion.","Reset BIOS/UEFI to defaults, reconfigure boot order, and re-run diagnostics."
SVR-R740-02,Rack Server R740,bios_firmware,F-1035,Secure boot policy violation on startup.,High,An unsigned or altered boot loader component was detected.,Reinstall trusted boot components from a known-good image and re-enable secure boot.
SVR-R740-02,Rack Server R740,cooling,C-2001,Fan module reporting RPM below minimum threshold.,Medium,Fan bearing wear or dust/debris obstruction reducing airflow.,Inspect and clean intake vents; replace fan module if RPM remains below threshold.
SVR-R740-02,Rack Server R740,cooling,C-2014,Thermal zone exceeded warning setpoint during load test.,High,"Inadequate airflow, failed fan, or degraded thermal paste on a hot component.","Check fan operation, reseat heatsink, and verify rack/enclosure airflow clearance."
SVR-R740-02,Rack Server R740,storage_backplane,S-3005,Backplane reports drive slot status inconsistent with controller view.,High,"Loose drive seating, failing backplane connector, or a degraded drive.",Reseat the drive and cable; swap to a known-good slot to isolate backplane vs. drive.
SVR-R740-02,Rack Server R740,storage_backplane,S-3033,RAID controller battery/cache module reporting degraded charge.,Medium,Cache backup battery is nearing end of life.,Replace the cache backup battery/module at the next maintenance window.
SVR-R740-02,Rack Server R740,expansion_bus,P-4002,PCIe link negotiated at a lower width/speed than expected.,Medium,Poor seating of the adapter card or a marginal slot connection.,Reseat the adapter card fully and verify slot compatibility; retest link training.
SVR-R740-02,Rack Server R740,expansion_bus,P-4017,PCIe device present but not responding to bus queries.,High,"Card failure, firmware hang on the device, or power delivery fault to the slot.",Reseat the card; test in an alternate slot; replace card if issue persists.
SVR-R740-02,Rack Server R740,power,W-4509,Power supply input voltage out of qualified range.,Medium,Unstable upstream power source or a loose input connector.,Verify PDU/outlet voltage and reseat the power input connector.
SVR-R650-01,Rack Server R650,bios_firmware,F-1010,Firmware self-check reported a version mismatch against the signed manifest.,High,System BIOS/firmware is out of date or was interrupted during a prior update.,Update firmware to the latest qualified version and re-run the boot diagnostic.
SVR-R650-01,Rack Server R650,bios_firmware,F-1022,Configuration checksum failure detected in NVRAM.,Medium,"NVRAM settings were corrupted, often after an unclean shutdown or battery depletion.","Reset BIOS/UEFI to defaults, reconfigure boot order, and re-run diagnostics."
SVR-R650-01,Rack Server R650,cooling,C-2001,Fan module reporting RPM below minimum threshold.,Medium,Fan bearing wear or dust/debris obstruction reducing airflow.,Inspect and clean intake vents; replace fan module if RPM remains below threshold.
SVR-R650-01,Rack Server R650,storage_backplane,S-3005,Backplane reports drive slot status inconsistent with controller view.,High,"Loose drive seating, failing backplane connector, or a degraded drive.",Reseat the drive and cable; swap to a known-good slot to isolate backplane vs. drive.
SVR-R650-01,Rack Server R650,storage_backplane,S-3033,RAID controller battery/cache module reporting degraded charge.,Medium,Cache backup battery is nearing end of life.,Replace the cache backup battery/module at the next maintenance window.
SVR-R650-01,Rack Server R650,expansion_bus,P-4002,PCIe link negotiated at a lower width/speed than expected.,Medium,Poor seating of the adapter card or a marginal slot connection.,Reseat the adapter card fully and verify slot compatibility; retest link training.
SVR-R650-01,Rack Server R650,power,W-4501,Redundant power supply reporting a single-unit failure.,High,PSU has failed internally or lost input power from its feed.,Verify input power to the failed unit; replace the PSU if it does not recover.
WKS-T5820-01,Tower Workstation T5820,bios_firmware,F-1010,Firmware self-check reported a version mismatch against the signed manifest.,High,System BIOS/firmware is out of date or was interrupted during a prior update.,Update firmware to the latest qualified version and re-run the boot diagnostic.
WKS-T5820-01,Tower Workstation T5820,bios_firmware,F-1035,Secure boot policy violation on startup.,High,An unsigned or altered boot loader component was detected.,Reinstall trusted boot components from a known-good image and re-enable secure boot.
WKS-T5820-01,Tower Workstation T5820,cooling,C-2001,Fan module reporting RPM below minimum threshold.,Medium,Fan bearing wear or dust/debris obstruction reducing airflow.,Inspect and clean intake vents; replace fan module if RPM remains below threshold.
WKS-T5820-01,Tower Workstation T5820,cooling,C-2014,Thermal zone exceeded warning setpoint during load test.,High,"Inadequate airflow, failed fan, or degraded thermal paste on a hot component.","Check fan operation, reseat heatsink, and verify rack/enclosure airflow clearance."
WKS-T5820-01,Tower Workstation T5820,cooling,C-2028,Redundant fan pair mismatch — one fan idle while its pair is active.,Low,One fan in a redundant pair has failed or is not receiving control signal.,Reseat fan connector; replace the idle fan unit if it remains unresponsive.
WKS-T5820-01,Tower Workstation T5820,expansion_bus,P-4002,PCIe link negotiated at a lower width/speed than expected.,Medium,Poor seating of the adapter card or a marginal slot connection.,Reseat the adapter card fully and verify slot compatibility; retest link training.
WKS-T5820-01,Tower Workstation T5820,expansion_bus,P-4017,PCIe device present but not responding to bus queries.,High,"Card failure, firmware hang on the device, or power delivery fault to the slot.",Reseat the card; test in an alternate slot; replace card if issue persists.
WKS-T5820-01,Tower Workstation T5820,memory,M-5003,Memory module failed pattern test during POST diagnostics.,High,A DIMM has a physical fault or is improperly seated.,"Reseat the DIMM; if the fault follows the slot, the module should be replaced."
WKS-T5820-01,Tower Workstation T5820,memory,M-5011,SMBIOS memory configuration does not match physically installed DIMMs.,Low,"BIOS cached an outdated memory map, often after a recent memory change.",Reboot to allow BIOS to re-enumerate memory; update firmware if mismatch persists.
WKS-T5820-01,Tower Workstation T5820,video,V-6004,Display self-test detected pixel-level rendering errors.,Low,Panel defect or a loose display cable connection.,Reseat the display cable; replace the panel if defects persist after reseating.
WKS-T5820-01,Tower Workstation T5820,video,V-6009,GPU reported a driver timeout during stress test.,Medium,"Overheating GPU, outdated driver, or insufficient power delivery.","Update GPU drivers, verify cooling, and confirm power connector seating."
WKS-T5820-02,Tower Workstation T5820,bios_firmware,F-1010,Firmware self-check reported a version mismatch against the signed manifest.,High,System BIOS/firmware is out of date or was interrupted during a prior update.,Update firmware to the latest qualified version and re-run the boot diagnostic.
WKS-T5820-02,Tower Workstation T5820,bios_firmware,F-1022,Configuration checksum failure detected in NVRAM.,Medium,"NVRAM settings were corrupted, often after an unclean shutdown or battery depletion.","Reset BIOS/UEFI to defaults, reconfigure boot order, and re-run diagnostics."
WKS-T5820-02,Tower Workstation T5820,cooling,C-2001,Fan module reporting RPM below minimum threshold.,Medium,Fan bearing wear or dust/debris obstruction reducing airflow.,Inspect and clean intake vents; replace fan module if RPM remains below threshold.
WKS-T5820-02,Tower Workstation T5820,cooling,C-2014,Thermal zone exceeded warning setpoint during load test.,High,"Inadequate airflow, failed fan, or degraded thermal paste on a hot component.","Check fan operation, reseat heatsink, and verify rack/enclosure airflow clearance."
WKS-T5820-02,Tower Workstation T5820,cooling,C-2028,Redundant fan pair mismatch — one fan idle while its pair is active.,Low,One fan in a redundant pair has failed or is not receiving control signal.,Reseat fan connector; replace the idle fan unit if it remains unresponsive.
WKS-T5820-02,Tower Workstation T5820,expansion_bus,P-4017,PCIe device present but not responding to bus queries.,High,"Card failure, firmware hang on the device, or power delivery fault to the slot.",Reseat the card; test in an alternate slot; replace card if issue persists.
WKS-T5820-02,Tower Workstation T5820,memory,M-5003,Memory module failed pattern test during POST diagnostics.,High,A DIMM has a physical fault or is improperly seated.,"Reseat the DIMM; if the fault follows the slot, the module should be replaced."
WKS-T5820-02,Tower Workstation T5820,video,V-6004,Display self-test detected pixel-level rendering errors.,Low,Panel defect or a loose display cable connection.,Reseat the display cable; replace the panel if defects persist after reseating.
WKS-T5820-02,Tower Workstation T5820,video,V-6009,GPU reported a driver timeout during stress test.,Medium,"Overheating GPU, outdated driver, or insufficient power delivery.","Update GPU drivers, verify cooling, and confirm power connector seating."
LAP-LAT5540-01,Laptop Latitude 5540,battery_power,B-8001,System unable to detect connected AC charger.,Medium,"Faulty charger, damaged port, or loose power connection.",Reseat the power cable at both ends; test with a known-good charger.
LAP-LAT5540-01,Laptop Latitude 5540,video,V-6004,Display self-test detected pixel-level rendering errors.,Low,Panel defect or a loose display cable connection.,Reseat the display cable; replace the panel if defects persist after reseating.
LAP-LAT5540-01,Laptop Latitude 5540,video,V-6009,GPU reported a driver timeout during stress test.,Medium,"Overheating GPU, outdated driver, or insufficient power delivery.","Update GPU drivers, verify cooling, and confirm power connector seating."
LAP-LAT5540-01,Laptop Latitude 5540,audio,A-7002,Internal speaker self-test produced no audible tone.,Low,"Speaker disconnected internally, or external jack is muting internal output.",Unplug external audio devices and reseat the internal speaker connector.
LAP-LAT5540-01,Laptop Latitude 5540,memory,M-5003,Memory module failed pattern test during POST diagnostics.,High,A DIMM has a physical fault or is improperly seated.,"Reseat the DIMM; if the fault follows the slot, the module should be replaced."
LAP-LAT5540-01,Laptop Latitude 5540,memory,M-5011,SMBIOS memory configuration does not match physically installed DIMMs.,Low,"BIOS cached an outdated memory map, often after a recent memory change.",Reboot to allow BIOS to re-enumerate memory; update firmware if mismatch persists.
LAP-LAT5540-01,Laptop Latitude 5540,bios_firmware,F-1035,Secure boot policy violation on startup.,High,An unsigned or altered boot loader component was detected.,Reinstall trusted boot components from a known-good image and re-enable secure boot.
LAP-LAT5540-02,Laptop Latitude 5540,battery_power,B-8001,System unable to detect connected AC charger.,Medium,"Faulty charger, damaged port, or loose power connection.",Reseat the power cable at both ends; test with a known-good charger.
LAP-LAT5540-02,Laptop Latitude 5540,battery_power,B-8013,Battery health check reports capacity below service threshold.,Medium,"Normal battery wear over charge cycles, or a battery nearing end of life.",Schedule battery replacement; avoid deep discharge cycles in the interim.
LAP-LAT5540-02,Laptop Latitude 5540,video,V-6004,Display self-test detected pixel-level rendering errors.,Low,Panel defect or a loose display cable connection.,Reseat the display cable; replace the panel if defects persist after reseating.
LAP-LAT5540-02,Laptop Latitude 5540,video,V-6009,GPU reported a driver timeout during stress test.,Medium,"Overheating GPU, outdated driver, or insufficient power delivery.","Update GPU drivers, verify cooling, and confirm power connector seating."
LAP-LAT5540-02,Laptop Latitude 5540,audio,A-7002,Internal speaker self-test produced no audible tone.,Low,"Speaker disconnected internally, or external jack is muting internal output.",Unplug external audio devices and reseat the internal speaker connector.
LAP-LAT5540-02,Laptop Latitude 5540,memory,M-5003,Memory module failed pattern test during POST diagnostics.,High,A DIMM has a physical fault or is improperly seated.,"Reseat the DIMM; if the fault follows the slot, the module should be replaced."
LAP-LAT5540-02,Laptop Latitude 5540,memory,M-5011,SMBIOS memory configuration does not match physically installed DIMMs.,Low,"BIOS cached an outdated memory map, often after a recent memory change.",Reboot to allow BIOS to re-enumerate memory; update firmware if mismatch persists.
LAP-LAT5540-02,Laptop Latitude 5540,bios_firmware,F-1010,Firmware self-check reported a version mismatch against the signed manifest.,High,System BIOS/firmware is out of date or was interrupted during a prior update.,Update firmware to the latest qualified version and re-run the boot diagnostic.
LAP-LAT5540-02,Laptop Latitude 5540,bios_firmware,F-1035,Secure boot policy violation on startup.,High,An unsigned or altered boot loader component was detected.,Reinstall trusted boot components from a known-good image and re-enable secure boot.
TAPE-LTO9-01,Tape Library LTO-9,tape_media,T-9004,Tape drive reports a media/drive generation mismatch.,Low,Incompatible tape cartridge generation inserted into the drive.,Insert a cartridge of the correct supported generation for this drive.
TAPE-LTO9-01,Tape Library LTO-9,storage_backplane,S-3005,Backplane reports drive slot status inconsistent with controller view.,High,"Loose drive seating, failing backplane connector, or a degraded drive.",Reseat the drive and cable; swap to a known-good slot to isolate backplane vs. drive.
TAPE-LTO9-01,Tape Library LTO-9,storage_backplane,S-3019,Predictive failure signal received from drive self-monitoring.,Critical,Drive is reporting early indicators of mechanical or media failure.,Back up data immediately and schedule drive replacement before failure occurs.
TAPE-LTO9-01,Tape Library LTO-9,storage_backplane,S-3033,RAID controller battery/cache module reporting degraded charge.,Medium,Cache backup battery is nearing end of life.,Replace the cache backup battery/module at the next maintenance window.
NAS-ME412-01,Storage Array ME412,storage_backplane,S-3005,Backplane reports drive slot status inconsistent with controller view.,High,"Loose drive seating, failing backplane connector, or a degraded drive.",Reseat the drive and cable; swap to a known-good slot to isolate backplane vs. drive.
NAS-ME412-01,Storage Array ME412,storage_backplane,S-3019,Predictive failure signal received from drive self-monitoring.,Critical,Drive is reporting early indicators of mechanical or media failure.,Back up data immediately and schedule drive replacement before failure occurs.
NAS-ME412-01,Storage Array ME412,power,W-4501,Redundant power supply reporting a single-unit failure.,High,PSU has failed internally or lost input power from its feed.,Verify input power to the failed unit; replace the PSU if it does not recover.
NAS-ME412-01,Storage Array ME412,power,W-4509,Power supply input voltage out of qualified range.,Medium,Unstable upstream power source or a loose input connector.,Verify PDU/outlet voltage and reseat the power input connector.
NAS-ME412-01,Storage Array ME412,expansion_bus,P-4002,PCIe link negotiated at a lower width/speed than expected.,Medium,Poor seating of the adapter card or a marginal slot connection.,Reseat the adapter card fully and verify slot compatibility; retest link training.
FAB-ETCH-12,Etch Tool ET-12,calibration,K-1101,Process chamber calibration drift exceeded control limits.,High,"Sensor drift since last calibration cycle, or recent maintenance disturbed alignment.",Run full recalibration sequence and verify against reference standard before resuming production.
FAB-ETCH-12,Etch Tool ET-12,gas_flow,G-1301,Mass flow controller reporting flow rate outside setpoint tolerance.,Critical,"MFC calibration drift, partial blockage, or upstream pressure fluctuation.","Verify upstream supply pressure, then recalibrate or replace the MFC."